id,split,text,formula,gold,prediction,correctness,complexity,has_neg,has_or,has_all
sick_trial_4_p,trial,The young boys are playing outdoors and the man is smiling nearby.,exists e1 e2 x3 x4 x5.(boy(x3) & young(x3) & outdoors(x4) & play(e1) & (subj(e1) = x3) & (obj(e1) = x4) & man(x5) & smile(e2) & (subj(e2) = x5) & nearby(e2)),no,no,valid,14,False,False,False
sick_trial_4_h,trial,There is no boy playing outdoors and there is no man smiling.,(-exists e1 x2 x3.(boy(x2) & outdoors(x3) & play(e1) & (subj(e1) = x2) & (obj(e1) = x3)) & -exists e4 x5.(man(x5) & smile(e4) & (subj(e4) = x5))),no,no,valid,14,True,False,False
sick_trial_211_p,trial,Two dogs are playing by a tree.,exists e1 x2 x3.(dog(x2) & two(x2) & play(e1) & (subj(e1) = x2) & tree(x3) & (subj(e1) = x3)),yes,yes,valid,8,False,False,False
sick_trial_211_h,trial,Two dogs are playing by a plant.,exists e1 x2 x3.(dog(x2) & two(x2) & play(e1) & (subj(e1) = x2) & plant(x3) & (subj(e1) = x3)),yes,yes,valid,8,False,False,False
sick_trial_630_p,trial,A man isn't tossing a kid into the swimming pool that is near the ocean.,"-exists e1 e2 x3 x4 x5 x6.(man(x3) & kid(x4) & toss(e1) & (subj(e1) = x3) & (obj(e1) = x4) & pool(x5) & swim(x5) & ocean(x6) & near(e2,x6) & (subj(e2) = x5) & into(e1,x5))",no,no,valid,17,True,False,False
sick_trial_630_h,trial,The man is tossing a kid into the swimming pool that is near the ocean.,"exists e1 e2 x3 x4 x5 x6.(man(x3) & kid(x4) & toss(e1) & (subj(e1) = x3) & (obj(e1) = x4) & pool(x5) & swim(x5) & ocean(x6) & near(e2,x6) & (subj(e2) = x5) & into(e1,x5))",no,no,valid,16,False,False,False
sick_trial_913_p,trial,A woman is being kissed by a man.,exists e1 x2 x3.(woman(x2) & kiss(e1) & (obj(e1) = x2) & man(x3) & (subj(e1) = x3)),no,no,valid,7,False,False,False
sick_trial_913_h,trial,There is no woman being kissed by a man.,-exists e1 x2 x3.(woman(x2) & kiss(e1) & (obj(e1) = x2) & man(x3) & (subj(e1) = x3)),no,no,valid,8,True,False,False
sick_trial_1178_p,trial,A woman is combing her hair.,exists e1 x2 x3.(woman(x2) & hair(x3) & comb(e1) & (subj(e1) = x2) & (obj(e1) = x3)),no,no,valid,7,False,False,False
sick_trial_1178_h,trial,There is no woman combing her hair.,-exists e1 x2 x3.(woman(x2) & hair(x3) & comb(e1) & (subj(e1) = x2) & (obj(e1) = x3)),no,no,valid,8,True,False,False
sick_trial_1190_p,trial,A man and a woman are hiking through a wooded area.,"exists e1 e2 x3 x4 x5 x6.(man(x3) & hike(e1) & (subj(e1) = x3) & area(x4) & wood(x4) & through(e1,x4) & woman(x5) & hike(e2) & (subj(e2) = x5) & area(x6) & wood(x6) & through(e2,x6))",yes,yes,valid,17,False,False,False
sick_trial_1190_h,trial,A man and a woman are walking together through the woods.,"exists e1 e2 x3 x4 x5 x6.(man(x3) & walk(e1) & (subj(e1) = x3) & wood(x4) & through(e1,x4) & woman(x5) & walk(e2) & (subj(e2) = x5) & wood(x6) & through(e2,x6))",yes,yes,valid,15,False,False,False
sick_trial_1333_p,trial,The woman is measuring the other woman.,exists e1 x2 x3.(woman(x2) & woman(x3) & measure(e1) & (subj(e1) = x2) & (obj(e1) = x3)),yes,yes,valid,7,False,False,False
sick_trial_1333_h,trial,A woman is being measured by another woman.,exists e1 x2 x3.(woman(x2) & measure(e1) & (obj(e1) = x2) & woman(x3) & (subj(e1) = x3)),yes,yes,valid,7,False,False,False
sick_trial_1412_p,trial,Men are sawing logs.,exists e1 x2 x3.(men(x2) & log(x3) & saw(e1) & (subj(e1) = x2) & (obj(e1) = x3)),yes,yes,valid,7,False,False,False
sick_trial_1412_h,trial,Men are cutting wood.,exists e1 x2 x3.(men(x2) & wood(x3) & cut(e1) & (subj(e1) = x2) & (obj(e1) = x3)),yes,yes,valid,7,False,False,False
sick_trial_1469_p,trial,"Three young men are running, jumping and kicking near a vending machine.","exists e1 e2 e3 x4 x5 x6 x7.(man(x4) & young(x4) & three(x4) & run(e1) & (subj(e1) = x4) & machine(x5) & vend(x5) & near(e1,x5) & jump(e2) & (subj(e2) = x4) & machine(x6) & vend(x6) & near(e2,x6) & kick(e3) & (subj(e3) = x4) & machine(x7) & vend(x7) & near(e3,x7))",no,no,valid,24,False,False,False
sick_trial_1469_h,trial,"There is no man running, jumping and kicking near a vending machine.","-exists e1 e2 e3 x4 x5 x6 x7.(man(x4) & run(e1) & (subj(e1) = x4) & machine(x5) & vend(x5) & near(e1,x5) & jump(e2) & (subj(e2) = x4) & machine(x6) & vend(x6) & near(e2,x6) & kick(e3) & (subj(e3) = x4) & machine(x7) & vend(x7) & near(e3,x7))",no,no,valid,23,True,False,False
sick_trial_1487_p,trial,The man is not stirring the sauce for the chicken.,"-exists e1 x2 x3 x4.(man(x2) & sauce(x3) & stir(e1) & (subj(e1) = x2) & (obj(e1) = x3) & chicken(x4) & for(e1,x4))",no,no,valid,11,True,False,False
sick_trial_1487_h,trial,The man is stirring the sauce for the chicken.,"exists e1 x2 x3 x4.(man(x2) & sauce(x3) & stir(e1) & (subj(e1) = x2) & (obj(e1) = x3) & chicken(x4) & for(e1,x4))",no,no,valid,10,False,False,False
sick_trial_1493_p,trial,A man is playing an electric guitar.,exists e1 x2 x3.(man(x2) & guitar(x3) & electric(x3) & play(e1) & (subj(e1) = x2) & (obj(e1) = x3)),yes,yes,valid,8,False,False,False
sick_trial_1493_h,trial,A man is playing guitar.,exists e1 x2 x3.(man(x2) & guitar(x3) & play(e1) & (subj(e1) = x2) & (obj(e1) = x3)),yes,yes,valid,7,False,False,False
sick_trial_1503_p,trial,Three boys in karate costumes aren't fighting.,"-exists e1 e2 x3 x4.(boy(x3) & three(x3) & costume(x4) & karate(x4) & in(e1,x4) & (subj(e1) = x3) & fight(e2) & (subj(e2) = x3))",no,no,valid,12,True,False,False
sick_trial_1503_h,trial,Three boys in karate costumes are fighting.,"exists e1 e2 x3 x4.(boy(x3) & three(x3) & costume(x4) & karate(x4) & in(e1,x4) & (subj(e1) = x3) & fight(e2) & (subj(e2) = x3))",no,no,valid,11,False,False,False
sick_trial_1608_p,trial,A snake is being fed a mouse by a man.,exists e1 x2 x3 x4.(snake(x2) & mouse(x3) & feed(e1) & (iobj(e1) = x2) & (obj(e1) = x3) & man(x4) & (subj(e1) = x4)),no,no,valid,10,False,False,False
sick_trial_1608_h,trial,No snake is being fed a mouse by a man.,-exists e1 x2 x3 x4.(snake(x2) & mouse(x3) & feed(e1) & (iobj(e1) = x2) & (obj(e1) = x3) & man(x4) & (subj(e1) = x4)),no,no,valid,11,True,False,False
sick_trial_1703_p,trial,A man is emptying a container made of plastic completely.,"exists e1 e2 x3 x4 x5.(man(x3) & container(x4) & make(e1) & (obj(e1) = x4) & plastic(x5) & of(e1,x5) & completely(e1) & empty(e2) & (subj(e2) = x3) & (obj(e2) = x4))",yes,yes,valid,14,False,False,False
sick_trial_1703_h,trial,A man is emptying a container made of plastic.,"exists e1 e2 x3 x4 x5.(man(x3) & container(x4) & make(e1) & (obj(e1) = x4) & plastic(x5) & of(e1,x5) & empty(e2) & (subj(e2) = x3) & (obj(e2) = x4))",yes,yes,valid,13,False,False,False
sick_trial_1754_p,trial,A flute is being played in a lovely way by a girl.,"exists e1 x2 x3 x4.(flute(x2) & play(e1) & (obj(e1) = x2) & way(x3) & lovely(x3) & in(e1,x3) & girl(x4) & (subj(e1) = x4))",yes,yes,valid,11,False,False,False
sick_trial_1754_h,trial,A flute is being played by a girl.,exists e1 x2 x3.(flute(x2) & play(e1) & (obj(e1) = x2) & girl(x3) & (subj(e1) = x3)),yes,yes,valid,7,False,False,False
sick_trial_1839_p,trial,"The girl, who is little, is carefully combing her hair into a pony tail.","exists e1 x2 x3 x4.(girl(x2) & little(x2) & hair(x3) & comb(e1) & (subj(e1) = x2) & (obj(e1) = x3) & tail(x4) & pony(x4) & into(e1,x4) & carefully(e1))",yes,yes,valid,13,False,False,False
sick_trial_1839_h,trial,"The girl, who is little, is combing her hair into a pony tail.","exists e1 x2 x3 x4.(girl(x2) & little(x2) & hair(x3) & comb(e1) & (subj(e1) = x2) & (obj(e1) = x3) & tail(x4) & pony(x4) & into(e1,x4))",yes,yes,valid,12,False,False,False
sick_trial_1881_p,trial,The food on the trays is being eaten by the kittens.,"exists e1 e2 x3 x4 x5.(food(x3) & tray(x4) & on(e1,x4) & (subj(e1) = x3) & eat(e2) & (obj(e2) = x3) & kitten(x5) & (subj(e2) = x5))",yes,yes,valid,12,False,False,False
sick_trial_1881_h,trial,A few kittens are eating.,exists e1 x2.(kitten(x2) & eat(e1) & (subj(e1) = x2)),yes,yes,valid,4,False,False,False
sick_trial_1964_p,trial,One person is playing the guitar and singing.,exists e1 e2 x3 x4 x5.(person(x3) & guitar(x4) & play(e1) & (subj(e1) = x3) & (obj(e1) = x4) & sing(x5) & play(e2) & (subj(e2) = x3) & (obj(e2) = x5)),yes,yes,valid,13,False,False,False
sick_trial_1964_h,trial,A person is playing a guitar and singing.,exists e1 e2 x3 x4 x5.(person(x3) & guitar(x4) & play(e1) & (subj(e1) = x3) & (obj(e1) = x4) & sing(x5) & play(e2) & (subj(e2) = x3) & (obj(e2) = x5)),yes,yes,valid,13,False,False,False
sick_trial_2001_p,trial,The horse is being ridden by a man.,exists e1 x2 x3.(horse(x2) & ride(e1) & (obj(e1) = x2) & man(x3) & (subj(e1) = x3)),yes,yes,valid,7,False,False,False
sick_trial_2001_h,trial,A man is riding the horse.,exists e1 x2 x3.(man(x2) & horse(x3) & ride(e1) & (subj(e1) = x2) & (obj(e1) = x3)),yes,yes,valid,7,False,False,False
sick_trial_2284_p,trial,The cat is playing passionately with a watermelon.,"exists e1 x2 x3.(cat(x2) & play(e1) & (subj(e1) = x2) & watermelon(x3) & with(e1,x3) & passionately(e1))",yes,yes,valid,8,False,False,False
sick_trial_2284_h,trial,The cat is playing with a watermelon.,"exists e1 x2 x3.(cat(x2) & play(e1) & (subj(e1) = x2) & watermelon(x3) & with(e1,x3))",yes,yes,valid,7,False,False,False
sick_trial_2286_p,trial,The cat is playing passionately with a watermelon.,"exists e1 x2 x3.(cat(x2) & play(e1) & (subj(e1) = x2) & watermelon(x3) & with(e1,x3) & passionately(e1))",yes,yes,valid,8,False,False,False
sick_trial_2286_h,trial,A cat is playing with a watermelon.,"exists e1 x2 x3.(cat(x2) & play(e1) & (subj(e1) = x2) & watermelon(x3) & with(e1,x3))",yes,yes,valid,7,False,False,False
sick_trial_2392_p,trial,The man is not slicing the potato.,-exists e1 x2 x3.(man(x2) & potato(x3) & slice(e1) & (subj(e1) = x2) & (obj(e1) = x3)),no,no,valid,8,True,False,False
sick_trial_2392_h,trial,The man is slicing a potato.,exists e1 x2 x3.(man(x2) & potato(x3) & slice(e1) & (subj(e1) = x2) & (obj(e1) = x3)),no,no,valid,7,False,False,False
sick_trial_2404_p,trial,The lady is slicing a tomato.,exists e1 x2 x3.(lady(x2) & tomato(x3) & slice(e1) & (subj(e1) = x2) & (obj(e1) = x3)),no,no,valid,7,False,False,False
sick_trial_2404_h,trial,There is no one cutting a tomato.,-exists e1 x2 x3.(tomato(x3) & cut(e1) & (subj(e1) = x2) & (obj(e1) = x3)),no,no,valid,7,True,False,False
sick_trial_2405_p,trial,The lady is slicing a tomato.,exists e1 x2 x3.(lady(x2) & tomato(x3) & slice(e1) & (subj(e1) = x2) & (obj(e1) = x3)),yes,yes,valid,7,False,False,False
sick_trial_2405_h,trial,Someone is cutting a tomato.,exists e1 x2 x3.(tomato(x3) & cut(e1) & (subj(e1) = x2) & (obj(e1) = x3)),yes,yes,valid,6,False,False,False
sick_trial_2430_p,trial,One man is running down the road.,exists e1 x2 x3.(man(x2) & road(x3) & run(e1) & (subj(e1) = x2) & (obj(e1) = x3) & down(e1)),yes,yes,valid,8,False,False,False
sick_trial_2430_h,trial,A man is running.,exists e1 x2.(man(x2) & run(e1) & (subj(e1) = x2)),yes,yes,valid,4,False,False,False
sick_trial_2476_p,trial,Some people are singing.,exists e1 x2.(people(x2) & sing(e1) & (subj(e1) = x2)),yes,yes,valid,4,False,False,False
sick_trial_2476_h,trial,A group of people is singing.,exists e1 x2 x3.(people(x3) & (x2 = x3) & sing(e1) & (subj(e1) = x2)),yes,yes,valid,6,False,False,False
sick_trial_2566_p,trial,Three women are dancing.,exists e1 x2.(woman(x2) & three(x2) & dance(e1) & (subj(e1) = x2)),yes,yes,valid,5,False,False,False
sick_trial_2566_h,trial,A few women are dancing.,exists e1 x2.(woman(x2) & dance(e1) & (subj(e1) = x2)),yes,yes,valid,4,False,False,False
sick_trial_2604_p,trial,A bull dog is being brushed by the monkey.,exists e1 x2 x3.(dog(x2) & bull(x2) & brush(e1) & (obj(e1) = x2) & monkey(x3) & (subj(e1) = x3)),yes,yes,valid,8,False,False,False
sick_trial_2604_h,trial,The monkey is brushing a bull dog.,exists e1 x2 x3.(monkey(x2) & dog(x3) & bull(x3) & brush(e1) & (subj(e1) = x2) & (obj(e1) = x3)),yes,yes,valid,8,False,False,False
sick_trial_2678_p,trial,A man is hurriedly getting into a car in a garage.,"exists e1 x2 x3 x4.(man(x2) & get(e1) & (subj(e1) = x2) & car(x3) & into(e1,x3) & garage(x4) & in(e1,x4) & hurriedly(e1))",yes,yes,valid,11,False,False,False
sick_trial_2678_h,trial,A man is getting into a car.,"exists e1 x2 x3.(man(x2) & get(e1) & (subj(e1) = x2) & car(x3) & into(e1,x3))",yes,yes,valid,7,False,False,False
sick_trial_2687_p,trial,The person is slicing a clove of garlic into pieces.,"exists e1 x2 x3 x4 x5.(person(x2) & cleave(x3) & garlic(x4) & (x3 = x4) & slice(e1) & (subj(e1) = x2) & (obj(e1) = x3) & piece(x5) & into(e1,x5))",no,no,valid,13,False,False,False
sick_trial_2687_h,trial,The person is not slicing a clove of garlic into pieces.,"-exists e1 x2 x3 x4 x5.(person(x2) & cleave(x3) & garlic(x4) & (x3 = x4) & slice(e1) & (subj(e1) = x2) & (obj(e1) = x3) & piece(x5) & into(e1,x5))",no,no,valid,14,True,False,False
sick_trial_2704_p,trial,Noodles are being boiled in water by a woman.,"exists e1 x2 x3 x4.(noodles(x2) & boil(e1) & (obj(e1) = x2) & water(x3) & in(e1,x3) & woman(x4) & (subj(e1) = x4))",yes,yes,valid,10,False,False,False
sick_trial_2704_h,trial,A woman is boiling noodles in water.,"exists e1 x2 x3 x4.(woman(x2) & noodle(x3) & boil(e1) & (subj(e1) = x2) & (obj(e1) = x3) & water(x4) & in(e1,x4))",yes,yes,valid,10,False,False,False
sick_trial_2712_p,trial,There is no karate practitioner kicking at another man who is wearing protective boxing gloves.,"-exists e1 e2 x3 x4 x5.(practitioner(x3) & karate(x3) & kick(e1) & (subj(e1) = x3) & man(x4) & glove(x5) & box(x5) & protective(x5) & wear(e2) & (subj(e2) = x4) & (obj(e2) = x5) & at(e1,x4))",no,no,valid,17,True,False,False
sick_trial_2712_h,trial,A karate practitioner is kicking at another man who is wearing protective boxing gloves.,"exists e1 e2 x3 x4 x5.(practitioner(x3) & karate(x3) & kick(e1) & (subj(e1) = x3) & man(x4) & glove(x5) & box(x5) & protective(x5) & wear(e2) & (subj(e2) = x4) & (obj(e2) = x5) & at(e1,x4))",no,no,valid,16,False,False,False
sick_trial_2722_p,trial,"A woman, who is seated, is singing a song and playing the guitar.",exists e1 e2 e3 x4 x5 x6.(woman(x4) & seat(e1) & (obj(e1) = x4) & song(x5) & sing(e2) & (subj(e2) = x4) & (obj(e2) = x5) & guitar(x6) & play(e3) & (subj(e3) = x4) & (obj(e3) = x6)),yes,yes,valid,16,False,False,False
sick_trial_2722_h,trial,A seated woman is singing a song and playing the guitar.,exists e1 e2 e3 x4 x5 x6.(seat(e1) & (obj(e1) = x4) & woman(x4) & song(x5) & sing(e2) & (subj(e2) = x4) & (obj(e2) = x5) & guitar(x6) & play(e3) & (subj(e3) = x4) & (obj(e3) = x6)),yes,yes,valid,16,False,False,False
sick_trial_2791_p,trial,"A guinea pig, which is small, is gnawing and eating a piece of carrot on the floor.","exists e1 e2 x3 x4 x5 x6 x7.(pig(x3) & guinea(x3) & small(x3) & piece(x4) & carrot(x5) & (x4 = x5) & gnaw(e1) & (subj(e1) = x3) & (obj(e1) = x4) & floor(x6) & on(e1,x6) & eat(e2) & (subj(e2) = x3) & (obj(e2) = x4) & floor(x7) & on(e2,x7))",yes,yes,valid,22,False,False,False
sick_trial_2791_h,trial,A small guinea pig is gnawing and eating a piece of carrot on the floor.,"exists e1 e2 x3 x4 x5 x6 x7.(pig(x3) & guinea(x3) & small(x3) & piece(x4) & carrot(x5) & (x4 = x5) & gnaw(e1) & (subj(e1) = x3) & (obj(e1) = x4) & floor(x6) & on(e1,x6) & eat(e2) & (subj(e2) = x3) & (obj(e2) = x4) & floor(x7) & on(e2,x7))",yes,yes,valid,22,False,False,False
sick_trial_2795_p,trial,A small guinea pig is gnawing and eating a piece of carrot on the floor.,"exists e1 e2 x3 x4 x5 x6 x7.(pig(x3) & guinea(x3) & small(x3) & piece(x4) & carrot(x5) & (x4 = x5) & gnaw(e1) & (subj(e1) = x3) & (obj(e1) = x4) & floor(x6) & on(e1,x6) & eat(e2) & (subj(e2) = x3) & (obj(e2) = x4) & floor(x7) & on(e2,x7))",yes,yes,valid,22,False,False,False
sick_trial_2795_h,trial,A guinea pig is devouring a carrot.,exists e1 x2 x3.(pig(x2) & guinea(x2) & carrot(x3) & devour(e1) & (subj(e1) = x2) & (obj(e1) = x3)),yes,yes,valid,8,False,False,False
sick_trial_2829_p,trial,The lady is penciling on eyeshadow.,"exists e1 x2 x3.(lady(x2) & pencil(e1) & (subj(e1) = x2) & eyeshadow(x3) & on(e1,x3))",yes,yes,valid,7,False,False,False
sick_trial_2829_h,trial,The woman is penciling on eyeshadow.,"exists e1 x2 x3.(woman(x2) & pencil(e1) & (subj(e1) = x2) & eyeshadow(x3) & on(e1,x3))",yes,yes,valid,7,False,False,False
sick_trial_2886_p,trial,A woman is playing a flute.,exists e1 x2 x3.(woman(x2) & flute(x3) & play(e1) & (subj(e1) = x2) & (obj(e1) = x3)),no,no,valid,7,False,False,False
sick_trial_2886_h,trial,The woman is not playing the flute.,-exists e1 x2 x3.(woman(x2) & flute(x3) & play(e1) & (subj(e1) = x2) & (obj(e1) = x3)),no,no,valid,8,True,False,False
sick_trial_2898_p,trial,The man is lifting barbells.,exists e1 x2 x3.(man(x2) & barbell(x3) & lift(e1) & (subj(e1) = x2) & (obj(e1) = x3)),yes,yes,valid,7,False,False,False
sick_trial_2898_h,trial,The man is lifting weights.,exists e1 x2 x3.(man(x2) & weight(x3) & lift(e1) & (subj(e1) = x2) & (obj(e1) = x3)),yes,yes,valid,7,False,False,False
sick_trial_3036_p,trial,The puppy is not playing with a plastic container.,"-exists e1 x2 x3.(puppy(x2) & play(e1) & (subj(e1) = x2) & container(x3) & plastic(x3) & with(e1,x3))",no,no,valid,9,True,False,False
sick_trial_3036_h,trial,The puppy is playing with a plastic container.,"exists e1 x2 x3.(puppy(x2) & play(e1) & (subj(e1) = x2) & container(x3) & plastic(x3) & with(e1,x3))",no,no,valid,8,False,False,False
sick_trial_3061_p,trial,A woman is driving a car and is talking to the man who is seated beside her.,"exists e1 e2 e3 x4 x5 x6 x7.(woman(x4) & car(x5) & drive(e1) & (subj(e1) = x4) & (obj(e1) = x5) & talk(e2) & (subj(e2) = x4) & man(x6) & seat(e3) & (obj(e3) = x6) & (x7 = her) & beside(e3,x7) & (iobj(e2) = x6))",no,no,valid,19,False,False,False
sick_trial_3061_h,trial,There is no woman driving a car and talking to the man seated beside her.,"-exists e1 e2 e3 x4 x5 x6 x7.(woman(x4) & car(x5) & drive(e1) & (subj(e1) = x4) & (obj(e1) = x5) & talk(e2) & (subj(e2) = x4) & man(x6) & seat(e3) & (obj(e3) = x6) & (x7 = her) & beside(e3,x7) & (iobj(e2) = x6))",no,no,valid,20,True,False,False
sick_trial_3122_p,trial,A woman is using a pencil for eyes and is applying eye liner to her eyelid.,"exists e1 e2 x3 x4 x5 x6 x7.(woman(x3) & pencil(x4) & use(e1) & (subj(e1) = x3) & (obj(e1) = x4) & eye(x5) & for(e1,x5) & liner(x6) & eye(x6) & apply(e2) & (subj(e2) = x3) & (obj(e2) = x6) & eyelid(x7) & (iobj(e2) = x7))",yes,yes,valid,20,False,False,False
sick_trial_3122_h,trial,A woman is applying cosmetics to her eyelid.,exists e1 x2 x3 x4.(woman(x2) & cosmetic(x3) & apply(e1) & (subj(e1) = x2) & (obj(e1) = x3) & eyelid(x4) & (iobj(e1) = x4)),yes,yes,valid,10,False,False,False
sick_trial_3222_p,trial,There is no boy walking across a bridge.,"-exists e1 x2 x3.(boy(x2) & walk(e1) & (subj(e1) = x2) & bridge(x3) & across(e1,x3))",no,no,valid,8,True,False,False
sick_trial_3222_h,trial,A boy is walking across a bridge.,"exists e1 x2 x3.(boy(x2) & walk(e1) & (subj(e1) = x2) & bridge(x3) & across(e1,x3))",no,no,valid,7,False,False,False
sick_trial_3250_p,trial,A woman is placing two eggs into a pot of water.,"exists e1 x2 x3 x4 x5.(woman(x2) & egg(x3) & two(x3) & place(e1) & (subj(e1) = x2) & (obj(e1) = x3) & pot(x4) & water(x5) & (x4 = x5) & into(e1,x4))",yes,yes,valid,14,False,False,False
sick_trial_3250_h,trial,A woman is putting two eggs into a pot of water.,"exists e1 x2 x3 x4 x5.(woman(x2) & egg(x3) & two(x3) & put(e1) & (subj(e1) = x2) & (obj(e1) = x3) & pot(x4) & water(x5) & (x4 = x5) & into(e1,x4))",yes,yes,valid,14,False,False,False
sick_trial_3258_p,trial,A man is playing the guitar.,exists e1 x2 x3.(man(x2) & guitar(x3) & play(e1) & (subj(e1) = x2) & (obj(e1) = x3)),no,no,valid,7,False,False,False
sick_trial_3258_h,trial,Nobody is playing the guitar.,-exists e1 x2 x3.(guitar(x3) & play(e1) & (subj(e1) = x2) & (obj(e1) = x3)),no,no,valid,7,True,False,False
sick_trial_3275_p,trial,A child is running in and out of the waves of the ocean.,"exists e1 e2 x3 x4 x5 x6.(child(x3) & run(e1) & (subj(e1) = x3) & in(e1) & child(x4) & run(e2) & (subj(e2) = x4) & out(e2) & wave(x5) & ocean(x6) & (x5 = x6) & of(e2,x5))",yes,yes,valid,17,False,False,False
sick_trial_3275_h,trial,A child is running in and out of the ocean waves.,"exists e1 e2 x3 x4 x5.(child(x3) & run(e1) & (subj(e1) = x3) & in(e1) & child(x4) & run(e2) & (subj(e2) = x4) & out(e2) & wave(x5) & ocean(x5) & of(e2,x5))",yes,yes,valid,15,False,False,False
sick_trial_3338_p,trial,There is no man standing on a roof top and playing a violin.,"-exists e1 e2 x3 x4 x5.(man(x3) & stand(e1) & (subj(e1) = x3) & top(x4) & roof(x4) & on(e1,x4) & violin(x5) & play(e2) & (subj(e2) = x3) & (obj(e2) = x5))",no,no,valid,15,True,False,False
sick_trial_3338_h,trial,A man is standing on a roof top and playing a violin.,"exists e1 e2 x3 x4 x5.(man(x3) & stand(e1) & (subj(e1) = x3) & top(x4) & roof(x4) & on(e1,x4) & violin(x5) & play(e2) & (subj(e2) = x3) & (obj(e2) = x5))",no,no,valid,14,False,False,False
sick_trial_3364_p,trial,A woman is cleaning a shrimp.,exists e1 x2 x3.(woman(x2) & shrimp(x3) & clean(e1) & (subj(e1) = x2) & (obj(e1) = x3)),yes,yes,valid,7,False,False,False
sick_trial_3364_h,trial,The woman is cleaning a shrimp.,exists e1 x2 x3.(woman(x2) & shrimp(x3) & clean(e1) & (subj(e1) = x2) & (obj(e1) = x3)),yes,yes,valid,7,False,False,False
sick_trial_3373_p,trial,A woman is riding a water scooter.,exists e1 x2 x3.(woman(x2) & scooter(x3) & water(x3) & ride(e1) & (subj(e1) = x2) & (obj(e1) = x3)),yes,yes,valid,8,False,False,False
sick_trial_3373_h,trial,A woman is riding a scooter for water.,exists e1 x2 x3 x4.(woman(x2) & scooter(x3) & water(x4) & (x3 = x4) & ride(e1) & (subj(e1) = x2) & (obj(e1) = x3)),yes,yes,valid,10,False,False,False
sick_trial_3384_p,trial,A panda bear is eating some bamboo.,exists e1 x2 x3.(bear(x2) & panda(x2) & bamboo(x3) & eat(e1) & (subj(e1) = x2) & (obj(e1) = x3)),yes,yes,valid,8,False,False,False
sick_trial_3384_h,trial,Some bamboo is being eaten by a panda bear.,exists e1 x2 x3.(bamboo(x2) & eat(e1) & (obj(e1) = x2) & bear(x3) & panda(x3) & (subj(e1) = x3)),yes,yes,valid,8,False,False,False
sick_trial_3433_p,trial,A tray is being buttered by a person.,exists e1 x2 x3.(tray(x2) & butter(e1) & (obj(e1) = x2) & person(x3) & (subj(e1) = x3)),yes,yes,valid,7,False,False,False
sick_trial_3433_h,trial,A person is buttering a tray.,exists e1 x2 x3.(person(x2) & tray(x3) & butter(e1) & (subj(e1) = x2) & (obj(e1) = x3)),yes,yes,valid,7,False,False,False
sick_trial_3501_p,trial,A dog is licking a baby.,exists e1 x2 x3.(dog(x2) & baby(x3) & lick(e1) & (subj(e1) = x2) & (obj(e1) = x3)),yes,yes,valid,7,False,False,False
sick_trial_3501_h,trial,The dog is licking the baby.,exists e1 x2 x3.(dog(x2) & baby(x3) & lick(e1) & (subj(e1) = x2) & (obj(e1) = x3)),yes,yes,valid,7,False,False,False
sick_trial_3536_p,trial,Someone is cooking okra in a pan.,"exists e1 x2 x3 x4.(okra(x3) & cook(e1) & (subj(e1) = x2) & (obj(e1) = x3) & pan(x4) & in(e1,x4))",yes,yes,valid,9,False,False,False
sick_trial_3536_h,trial,Okra is being cooked in a pan.,"exists e1 x2 x3.(okra(x2) & cook(e1) & (obj(e1) = x2) & pan(x3) & in(e1,x3))",yes,yes,valid,7,False,False,False
sick_trial_3598_p,trial,One man is doing floor exercises.,exists e1 x2 x3.(man(x2) & exercise(x3) & floor(x3) & do(e1) & (subj(e1) = x2) & (obj(e1) = x3)),yes,yes,valid,8,False,False,False
sick_trial_3598_h,trial,A man is doing exercises.,exists e1 x2 x3.(man(x2) & exercise(x3) & do(e1) & (subj(e1) = x2) & (obj(e1) = x3)),yes,yes,valid,7,False,False,False
sick_trial_3625_p,trial,A woman is putting meat in a pan.,"exists e1 x2 x3 x4.(woman(x2) & meat(x3) & put(e1) & (subj(e1) = x2) & (obj(e1) = x3) & pan(x4) & in(e1,x4))",no,no,valid,10,False,False,False
sick_trial_3625_h,trial,There is no woman putting meat in a pan.,"-exists e1 x2 x3 x4.(woman(x2) & meat(x3) & put(e1) & (subj(e1) = x2) & (obj(e1) = x3) & pan(x4) & in(e1,x4))",no,no,valid,11,True,False,False
sick_trial_3626_p,trial,Someone is dropping the meat into a pan.,"exists e1 x2 x3 x4.(meat(x3) & drop(e1) & (subj(e1) = x2) & (obj(e1) = x3) & pan(x4) & into(e1,x4))",yes,yes,valid,9,False,False,False
sick_trial_3626_h,trial,The meat is being dropped into a pan.,"exists e1 x2 x3.(meat(x2) & drop(e1) & (obj(e1) = x2) & pan(x3) & into(e1,x3))",yes,yes,valid,7,False,False,False
sick_trial_3657_p,trial,A boy is filling a pitcher with water.,"exists e1 x2 x3 x4.(boy(x2) & pitcher(x3) & fill(e1) & (subj(e1) = x2) & (obj(e1) = x3) & water(x4) & with(e1,x4))",yes,yes,valid,10,False,False,False
sick_trial_3657_h,trial,A pitcher is being filled with water by a boy.,"exists e1 x2 x3 x4.(pitcher(x2) & fill(e1) & (obj(e1) = x2) & water(x3) & with(e1,x3) & boy(x4) & (subj(e1) = x4))",yes,yes,valid,10,False,False,False
sick_trial_3680_p,trial,Racers are running down a track.,exists e1 x2 x3.(racers(x2) & track(x3) & run(e1) & (subj(e1) = x2) & (obj(e1) = x3) & down(e1)),no,no,valid,8,False,False,False
sick_trial_3680_h,trial,There are no racers running down a track.,-exists e1 x2 x3.(racer(x2) & track(x3) & run(e1) & (subj(e1) = x2) & (obj(e1) = x3) & down(e1)),no,no,valid,9,True,False,False
sick_trial_3721_p,trial,The person is slicing onions.,exists e1 x2 x3.(person(x2) & onion(x3) & slice(e1) & (subj(e1) = x2) & (obj(e1) = x3)),yes,yes,valid,7,False,False,False
sick_trial_3721_h,trial,Onions are being sliced by the person.,exists e1 x2 x3.(onions(x2) & slice(e1) & (obj(e1) = x2) & person(x3) & (subj(e1) = x3)),yes,yes,valid,7,False,False,False
sick_trial_3790_p,trial,A person is scrubbing a zucchini.,exists e1 x2 x3.(person(x2) & zucchini(x3) & scrub(e1) & (subj(e1) = x2) & (obj(e1) = x3)),yes,yes,valid,7,False,False,False
sick_trial_3790_h,trial,The person is scrubbing a zucchini.,exists e1 x2 x3.(person(x2) & zucchini(x3) & scrub(e1) & (subj(e1) = x2) & (obj(e1) = x3)),yes,yes,valid,7,False,False,False
sick_trial_3812_p,trial,A woman is slicing a pepper which is green.,exists e1 x2 x3.(woman(x2) & pepper(x3) & green(x3) & slice(e1) & (subj(e1) = x2) & (obj(e1) = x3)),yes,yes,valid,8,False,False,False
sick_trial_3812_h,trial,A woman is slicing a green pepper.,exists e1 x2 x3.(woman(x2) & pepper(x3) & green(x3) & slice(e1) & (subj(e1) = x2) & (obj(e1) = x3)),yes,yes,valid,8,False,False,False
sick_trial_3909_p,trial,The man is singing and playing the guitar.,exists e1 e2 x3 x4.(man(x3) & guitar(x4) & sing(e1) & (subj(e1) = x3) & (obj(e1) = x4) & play(e2) & (subj(e2) = x3) & (obj(e2) = x4)),yes,yes,valid,11,False,False,False
sick_trial_3909_h,trial,The guitar is being played by a man.,exists e1 x2 x3.(guitar(x2) & play(e1) & (obj(e1) = x2) & man(x3) & (subj(e1) = x3)),yes,yes,valid,7,False,False,False
sick_trial_3922_p,trial,Boys are not dancing in front of some people.,"-exists e1 x2 x3 x4.(boys(x2) & dance(e1) & (subj(e1) = x2) & front(x3) & people(x4) & (x3 = x4) & in_front_of(e1,x3))",no,no,valid,11,True,False,False
sick_trial_3922_h,trial,Boys are dancing in front of some people.,"exists e1 x2 x3 x4.(boys(x2) & dance(e1) & (subj(e1) = x2) & front(x3) & people(x4) & (x3 = x4) & in_front_of(e1,x3))",no,no,valid,10,False,False,False
sick_trial_4001_p,trial,A man is recklessly climbing a rope.,exists e1 x2 x3.(man(x2) & rope(x3) & climb(e1) & (subj(e1) = x2) & (obj(e1) = x3) & recklessly(e1)),yes,yes,valid,8,False,False,False
sick_trial_4001_h,trial,A man is climbing a rope.,exists e1 x2 x3.(man(x2) & rope(x3) & climb(e1) & (subj(e1) = x2) & (obj(e1) = x3)),yes,yes,valid,7,False,False,False
sick_trial_4015_p,trial,The lady is picking up the kangaroo.,exists e1 x2 x3.(lady(x2) & kangaroo(x3) & pick(e1) & (subj(e1) = x2) & (obj(e1) = x3) & up(e1)),yes,yes,valid,8,False,False,False
sick_trial_4015_h,trial,The woman is picking up the kangaroo.,exists e1 x2 x3.(woman(x2) & kangaroo(x3) & pick(e1) & (subj(e1) = x2) & (obj(e1) = x3) & up(e1)),yes,yes,valid,8,False,False,False
sick_trial_4054_p,trial,A dog is running breathlessly on the road.,"exists e1 x2 x3.(dog(x2) & run(e1) & (subj(e1) = x2) & breathlessly(e1) & road(x3) & on(e1,x3))",yes,yes,valid,8,False,False,False
sick_trial_4054_h,trial,A dog is running on the road.,"exists e1 x2 x3.(dog(x2) & run(e1) & (subj(e1) = x2) & road(x3) & on(e1,x3))",yes,yes,valid,7,False,False,False
sick_trial_4066_p,trial,The man is hurling knives at a tree.,"exists e1 x2 x3 x4.(man(x2) & knife(x3) & hurl(e1) & (subj(e1) = x2) & (obj(e1) = x3) & tree(x4) & at(e1,x4))",yes,yes,valid,10,False,False,False
sick_trial_4066_h,trial,The man is throwing knives at a tree.,"exists e1 x2 x3 x4.(man(x2) & knife(x3) & throw(e1) & (subj(e1) = x2) & (obj(e1) = x3) & tree(x4) & at(e1,x4))",yes,yes,valid,10,False,False,False
sick_trial_4079_p,trial,One man is riding a horse.,exists e1 x2 x3.(man(x2) & horse(x3) & ride(e1) & (subj(e1) = x2) & (obj(e1) = x3)),yes,yes,valid,7,False,False,False
sick_trial_4079_h,trial,A man is riding a horse.,exists e1 x2 x3.(man(x2) & horse(x3) & ride(e1) & (subj(e1) = x2) & (obj(e1) = x3)),yes,yes,valid,7,False,False,False
sick_trial_4086_p,trial,There is no man drawing a picture.,-exists e1 x2 x3.(man(x2) & picture(x3) & draw(e1) & (subj(e1) = x2) & (obj(e1) = x3)),no,no,valid,8,True,False,False
sick_trial_4086_h,trial,A man is drawing a picture.,exists e1 x2 x3.(man(x2) & picture(x3) & draw(e1) & (subj(e1) = x2) & (obj(e1) = x3)),no,no,valid,7,False,False,False
sick_trial_4114_p,trial,There is no man eating food.,-exists e1 x2 x3.(man(x2) & food(x3) & eat(e1) & (subj(e1) = x2) & (obj(e1) = x3)),no,no,valid,8,True,False,False
sick_trial_4114_h,trial,A man is eating a pizza.,exists e1 x2 x3.(man(x2) & pizza(x3) & eat(e1) & (subj(e1) = x2) & (obj(e1) = x3)),no,no,valid,7,False,False,False
sick_trial_4135_p,trial,A dog is bouncing on a trampoline.,"exists e1 x2 x3.(dog(x2) & bounce(e1) & (subj(e1) = x2) & trampoline(x3) & on(e1,x3))",yes,yes,valid,7,False,False,False
sick_trial_4135_h,trial,A dog is jumping on a trampoline.,"exists e1 x2 x3.(dog(x2) & jump(e1) & (subj(e1) = x2) & trampoline(x3) & on(e1,x3))",yes,yes,valid,7,False,False,False
sick_trial_4155_p,trial,A man is playing a wooden flute.,exists e1 x2 x3.(man(x2) & flute(x3) & wooden(x3) & play(e1) & (subj(e1) = x2) & (obj(e1) = x3)),no,no,valid,8,False,False,False
sick_trial_4155_h,trial,There is no man playing a wooden flute.,-exists e1 x2 x3.(man(x2) & flute(x3) & wooden(x3) & play(e1) & (subj(e1) = x2) & (obj(e1) = x3)),no,no,valid,9,True,False,False
sick_trial_4157_p,trial,There is no man playing the piano.,-exists e1 x2 x3.(man(x2) & piano(x3) & play(e1) & (subj(e1) = x2) & (obj(e1) = x3)),no,no,valid,8,True,False,False
sick_trial_4157_h,trial,A man is playing the piano.,exists e1 x2 x3.(man(x2) & piano(x3) & play(e1) & (subj(e1) = x2) & (obj(e1) = x3)),no,no,valid,7,False,False,False
sick_trial_4342_p,trial,A man is eating a banana.,exists e1 x2 x3.(man(x2) & banana(x3) & eat(e1) & (subj(e1) = x2) & (obj(e1) = x3)),yes,yes,valid,7,False,False,False
sick_trial_4342_h,trial,A man is eating a fruit.,exists e1 x2 x3.(man(x2) & fruit(x3) & eat(e1) & (subj(e1) = x2) & (obj(e1) = x3)),yes,yes,valid,7,False,False,False
sick_trial_4520_p,trial,There is no man playing a guitar.,-exists e1 x2 x3.(man(x2) & guitar(x3) & play(e1) & (subj(e1) = x2) & (obj(e1) = x3)),no,no,valid,8,True,False,False
sick_trial_4520_h,trial,A man is playing a guitar.,exists e1 x2 x3.(man(x2) & guitar(x3) & play(e1) & (subj(e1) = x2) & (obj(e1) = x3)),no,no,valid,7,False,False,False
sick_trial_4614_p,trial,There is no man driving a car.,-exists e1 x2 x3.(man(x2) & car(x3) & drive(e1) & (subj(e1) = x2) & (obj(e1) = x3)),no,no,valid,8,True,False,False
sick_trial_4614_h,trial,A man is driving a car.,exists e1 x2 x3.(man(x2) & car(x3) & drive(e1) & (subj(e1) = x2) & (obj(e1) = x3)),no,no,valid,7,False,False,False
sick_trial_4650_p,trial,A man is cutting a thick rope with a sword.,"exists e1 x2 x3 x4.(man(x2) & rope(x3) & thick(x3) & cut(e1) & (subj(e1) = x2) & (obj(e1) = x3) & sword(x4) & with(e1,x4))",no,no,valid,11,False,False,False
sick_trial_4650_h,trial,There is no man cutting a rope with a sword.,"-exists e1 x2 x3 x4.(man(x2) & rope(x3) & cut(e1) & (subj(e1) = x2) & (obj(e1) = x3) & sword(x4) & with(e1,x4))",no,no,valid,11,True,False,False
sick_trial_4661_p,trial,A woman is slicing a potato.,exists e1 x2 x3.(woman(x2) & potato(x3) & slice(e1) & (subj(e1) = x2) & (obj(e1) = x3)),yes,yes,valid,7,False,False,False
sick_trial_4661_h,trial,A woman is cutting a potato.,exists e1 x2 x3.(woman(x2) & potato(x3) & cut(e1) & (subj(e1) = x2) & (obj(e1) = x3)),yes,yes,valid,7,False,False,False
sick_trial_4767_p,trial,A man is cooking a snake.,exists e1 x2 x3.(man(x2) & snake(x3) & cook(e1) & (subj(e1) = x2) & (obj(e1) = x3)),no,no,valid,7,False,False,False
sick_trial_4767_h,trial,There is no man cooking a snake.,-exists e1 x2 x3.(man(x2) & snake(x3) & cook(e1) & (subj(e1) = x2) & (obj(e1) = x3)),no,no,valid,8,True,False,False
sick_trial_4803_p,trial,There is no monkey teasing a dog at the zoo.,"-exists e1 x2 x3 x4.(monkey(x2) & dog(x3) & tease(e1) & (subj(e1) = x2) & (obj(e1) = x3) & zoo(x4) & at(e1,x4))",no,no,valid,11,True,False,False
sick_trial_4803_h,trial,A monkey is teasing a dog at the zoo.,"exists e1 x2 x3 x4.(monkey(x2) & dog(x3) & tease(e1) & (subj(e1) = x2) & (obj(e1) = x3) & zoo(x4) & at(e1,x4))",no,no,valid,10,False,False,False
sick_trial_4816_p,trial,There is no person cutting some ginger.,-exists e1 x2 x3.(person(x2) & ginger(x3) & cut(e1) & (subj(e1) = x2) & (obj(e1) = x3)),no,no,valid,8,True,False,False
sick_trial_4816_h,trial,A person is cutting some ginger.,exists e1 x2 x3.(person(x2) & ginger(x3) & cut(e1) & (subj(e1) = x2) & (obj(e1) = x3)),no,no,valid,7,False,False,False
sick_trial_4831_p,trial,A man is slicing a potato into pieces.,"exists e1 x2 x3 x4.(man(x2) & potato(x3) & slice(e1) & (subj(e1) = x2) & (obj(e1) = x3) & piece(x4) & into(e1,x4))",no,no,valid,10,False,False,False
sick_trial_4831_h,trial,A man is not cutting a potato.,-exists e1 x2 x3.(man(x2) & potato(x3) & cut(e1) & (subj(e1) = x2) & (obj(e1) = x3)),no,no,valid,8,True,False,False
sick_trial_4843_p,trial,A man is opening a box with a knife.,"exists e1 x2 x3 x4.(man(x2) & box(x3) & open(e1) & (subj(e1) = x2) & (obj(e1) = x3) & knife(x4) & with(e1,x4))",no,no,valid,10,False,False,False
sick_trial_4843_h,trial,There is no man opening a box with a knife.,"-exists e1 x2 x3 x4.(man(x2) & box(x3) & open(e1) & (subj(e1) = x2) & (obj(e1) = x3) & knife(x4) & with(e1,x4))",no,no,valid,11,True,False,False
sick_trial_4851_p,trial,Some instruments are being played by a band.,exists e1 x2 x3.(instrument(x2) & play(e1) & (obj(e1) = x2) & band(x3) & (subj(e1) = x3)),yes,yes,valid,7,False,False,False
sick_trial_4851_h,trial,A band is playing some instruments.,exists e1 x2 x3.(band(x2) & instrument(x3) & play(e1) & (subj(e1) = x2) & (obj(e1) = x3)),yes,yes,valid,7,False,False,False
sick_trial_4852_p,trial,A band is not playing some instruments.,-exists e1 x2 x3.(band(x2) & instrument(x3) & play(e1) & (subj(e1) = x2) & (obj(e1) = x3)),no,no,valid,8,True,False,False
sick_trial_4852_h,trial,A band is playing some instruments.,exists e1 x2 x3.(band(x2) & instrument(x3) & play(e1) & (subj(e1) = x2) & (obj(e1) = x3)),no,no,valid,7,False,False,False
sick_trial_4963_p,trial,Garlic is being chopped by a woman.,exists e1 x2 x3.(garlic(x2) & chop(e1) & (obj(e1) = x2) & woman(x3) & (subj(e1) = x3)),yes,yes,valid,7,False,False,False
sick_trial_4963_h,trial,A woman is chopping garlic.,exists e1 x2 x3.(woman(x2) & garlic(x3) & chop(e1) & (subj(e1) = x2) & (obj(e1) = x3)),yes,yes,valid,7,False,False,False
sick_trial_4966_p,trial,A woman is slicing a fish.,exists e1 x2 x3.(woman(x2) & fish(x3) & slice(e1) & (subj(e1) = x2) & (obj(e1) = x3)),no,no,valid,7,False,False,False
sick_trial_4966_h,trial,There is no woman slicing a fish.,-exists e1 x2 x3.(woman(x2) & fish(x3) & slice(e1) & (subj(e1) = x2) & (obj(e1) = x3)),no,no,valid,8,True,False,False
sick_trial_4983_p,trial,A woman is riding a horse.,exists e1 x2 x3.(woman(x2) & horse(x3) & ride(e1) & (subj(e1) = x2) & (obj(e1) = x3)),yes,yes,valid,7,False,False,False
sick_trial_4983_h,trial,A horse is being ridden by a woman.,exists e1 x2 x3.(horse(x2) & ride(e1) & (obj(e1) = x2) & woman(x3) & (subj(e1) = x3)),yes,yes,valid,7,False,False,False
sick_trial_5003_p,trial,A big cat is opening a plastic drawer with its paws and is jumping inside.,"exists e1 e2 x3 x4 x5.(cat(x3) & big(x3) & drawer(x4) & plastic(x4) & open(e1) & (subj(e1) = x3) & (obj(e1) = x4) & paw(x5) & with(e1,x5) & jump(e2) & (subj(e2) = x3) & inside(e2))",yes,yes,valid,16,False,False,False
sick_trial_5003_h,trial,A cat is opening a drawer and jumping inside.,exists e1 e2 x3 x4.(cat(x3) & drawer(x4) & open(e1) & (subj(e1) = x3) & (obj(e1) = x4) & jump(e2) & (subj(e2) = x3) & inside(e2)),yes,yes,valid,11,False,False,False
sick_trial_5030_p,trial,The man is talking on the telephone.,"exists e1 x2 x3.(man(x2) & talk(e1) & (subj(e1) = x2) & telephone(x3) & on(e1,x3))",yes,yes,valid,7,False,False,False
sick_trial_5030_h,trial,The man is speaking on the telephone.,"exists e1 x2 x3.(man(x2) & speak(e1) & (subj(e1) = x2) & telephone(x3) & on(e1,x3))",yes,yes,valid,7,False,False,False
sick_trial_5051_p,trial,A man is opening a door.,exists e1 x2 x3.(man(x2) & door(x3) & open(e1) & (subj(e1) = x2) & (obj(e1) = x3)),no,no,valid,7,False,False,False
sick_trial_5051_h,trial,There is no man opening a door.,-exists e1 x2 x3.(man(x2) & door(x3) & open(e1) & (subj(e1) = x2) & (obj(e1) = x3)),no,no,valid,8,True,False,False
sick_trial_5203_p,trial,The woman is putting pasta into a dish.,"exists e1 x2 x3 x4.(woman(x2) & pasta(x3) & put(e1) & (subj(e1) = x2) & (obj(e1) = x3) & dish(x4) & into(e1,x4))",yes,yes,valid,10,False,False,False
sick_trial_5203_h,trial,Pasta is being put into a dish by a woman.,"exists e1 x2 x3 x4.(pasta(x2) & put(e1) & (obj(e1) = x2) & dish(x3) & into(e1,x3) & woman(x4) & (subj(e1) = x4))",yes,yes,valid,10,False,False,False
sick_trial_5310_p,trial,There is no girl playing a flute.,-exists e1 x2 x3.(girl(x2) & flute(x3) & play(e1) & (subj(e1) = x2) & (obj(e1) = x3)),no,no,valid,8,True,False,False
sick_trial_5310_h,trial,A girl is playing a flute.,exists e1 x2 x3.(girl(x2) & flute(x3) & play(e1) & (subj(e1) = x2) & (obj(e1) = x3)),no,no,valid,7,False,False,False
sick_trial_5349_p,trial,A large flute is being played by a man.,exists e1 x2 x3.(flute(x2) & large(x2) & play(e1) & (obj(e1) = x2) & man(x3) & (subj(e1) = x3)),yes,yes,valid,8,False,False,False
sick_trial_5349_h,trial,A man is playing a flute.,exists e1 x2 x3.(man(x2) & flute(x3) & play(e1) & (subj(e1) = x2) & (obj(e1) = x3)),yes,yes,valid,7,False,False,False
sick_trial_5352_p,trial,A man is playing a large flute.,exists e1 x2 x3.(man(x2) & flute(x3) & large(x3) & play(e1) & (subj(e1) = x2) & (obj(e1) = x3)),no,no,valid,8,False,False,False
sick_trial_5352_h,trial,There is no man playing a flute.,-exists e1 x2 x3.(man(x2) & flute(x3) & play(e1) & (subj(e1) = x2) & (obj(e1) = x3)),no,no,valid,8,True,False,False
sick_trial_5374_p,trial,An octopus is being sliced by a woman.,exists e1 x2 x3.(octopus(x2) & slice(e1) & (obj(e1) = x2) & woman(x3) & (subj(e1) = x3)),yes,yes,valid,7,False,False,False
sick_trial_5374_h,trial,A woman is slicing an octopus.,exists e1 x2 x3.(woman(x2) & octopus(x3) & slice(e1) & (subj(e1) = x2) & (obj(e1) = x3)),yes,yes,valid,7,False,False,False
sick_trial_5454_p,trial,A man is playing a flute.,exists e1 x2 x3.(man(x2) & flute(x3) & play(e1) & (subj(e1) = x2) & (obj(e1) = x3)),no,no,valid,7,False,False,False
sick_trial_5454_h,trial,A man is not playing a flute.,-exists e1 x2 x3.(man(x2) & flute(x3) & play(e1) & (subj(e1) = x2) & (obj(e1) = x3)),no,no,valid,8,True,False,False
sick_trial_5498_p,trial,A woman is cutting a lemon.,exists e1 x2 x3.(woman(x2) & lemon(x3) & cut(e1) & (subj(e1) = x2) & (obj(e1) = x3)),yes,yes,valid,7,False,False,False
sick_trial_5498_h,trial,A woman is cutting fruit.,exists e1 x2 x3.(woman(x2) & fruit(x3) & cut(e1) & (subj(e1) = x2) & (obj(e1) = x3)),yes,yes,valid,7,False,False,False
sick_trial_5588_p,trial,A cupcake is being eaten by a girl.,exists e1 x2 x3.(cupcake(x2) & eat(e1) & (obj(e1) = x2) & girl(x3) & (subj(e1) = x3)),yes,yes,valid,7,False,False,False
sick_trial_5588_h,trial,A girl is eating a cupcake.,exists e1 x2 x3.(girl(x2) & cupcake(x3) & eat(e1) & (subj(e1) = x2) & (obj(e1) = x3)),yes,yes,valid,7,False,False,False
sick_trial_5799_p,trial,A person is peeling a potato.,exists e1 x2 x3.(person(x2) & potato(x3) & peel(e1) & (subj(e1) = x2) & (obj(e1) = x3)),yes,yes,valid,7,False,False,False
sick_trial_5799_h,trial,A potato is being peeled by a person.,exists e1 x2 x3.(potato(x2) & peel(e1) & (obj(e1) = x2) & person(x3) & (subj(e1) = x3)),yes,yes,valid,7,False,False,False
sick_trial_5806_p,trial,A man is rowing a canoe.,exists e1 x2 x3.(man(x2) & canoe(x3) & row(e1) & (subj(e1) = x2) & (obj(e1) = x3)),yes,yes,valid,7,False,False,False
sick_trial_5806_h,trial,A man is rowing a boat.,exists e1 x2 x3.(man(x2) & boat(x3) & row(e1) & (subj(e1) = x2) & (obj(e1) = x3)),yes,yes,valid,7,False,False,False
sick_trial_5914_p,trial,A horse is being ridden by a person.,exists e1 x2 x3.(horse(x2) & ride(e1) & (obj(e1) = x2) & person(x3) & (subj(e1) = x3)),yes,yes,valid,7,False,False,False
sick_trial_5914_h,trial,A person is riding a horse.,exists e1 x2 x3.(person(x2) & horse(x3) & ride(e1) & (subj(e1) = x2) & (obj(e1) = x3)),yes,yes,valid,7,False,False,False
sick_trial_5924_p,trial,The man is not doing exercises.,-exists e1 x2 x3.(man(x2) & exercise(x3) & do(e1) & (subj(e1) = x2) & (obj(e1) = x3)),no,no,valid,8,True,False,False
sick_trial_5924_h,trial,The man is doing exercises.,exists e1 x2 x3.(man(x2) & exercise(x3) & do(e1) & (subj(e1) = x2) & (obj(e1) = x3)),no,no,valid,7,False,False,False
sick_trial_6047_p,trial,"A man and a woman are in a room painted beige, wearing dark colored shirts and a monitor is in the background.","exists e1 e2 e3 e4 e5 x6 x7 x8 x9 x10 x11 x12 x13.(man(x6) & room(x7) & beige(x7) & in(e1,x7) & (subj(e1) = x6) & shirt(x8) & color(x8) & dark(x8) & wear(e2) & (subj(e2) = x6) & (obj(e2) = x8) & woman(x9) & room(x10) & beige(x10) & in(e3,x10) & (subj(e3) = x9) & shirt(x11) & color(x11) & dark(x11) & wear(e4) & (subj(e4) = x9) & (obj(e4) = x11) & monitor(x12) & background(x13) & in(e5,x13) & (subj(e5) = x12))",yes,yes,valid,38,False,False,False
sick_trial_6047_h,trial,"A man and a woman are in a beige room, wearing dark colored shirts and a monitor is in the background.","exists e1 e2 e3 e4 e5 x6 x7 x8 x9 x10 x11 x12 x13.(man(x6) & room(x7) & beige(x7) & in(e3,x7) & (subj(e3) = x6) & shirt(x8) & color(x8) & dark(x8) & wear(e5) & (subj(e5) = x6) & (obj(e5) = x8) & woman(x9) & room(x10) & beige(x10) & in(e1,x10) & (subj(e1) = x9) & shirt(x11) & color(x11) & dark(x11) & wear(e2) & (subj(e2) = x9) & (obj(e2) = x11) & monitor(x12) & background(x13) & in(e4,x13) & (subj(e4) = x12))",yes,yes,valid,38,False,False,False
sick_trial_6146_p,trial,Two people are standing in the ocean and watching the sunset.,"exists e1 e2 x3 x4 x5.(people(x3) & two(x3) & stand(e1) & (subj(e1) = x3) & ocean(x4) & in(e1,x4) & sunset(x5) & watch(e2) & (subj(e2) = x3) & (obj(e2) = x5))",no,no,valid,14,False,False,False
sick_trial_6146_h,trial,Nobody is standing in the ocean and watching the sunset.,"-exists e1 e2 x3 x4 x5.(stand(e1) & (subj(e1) = x3) & ocean(x4) & in(e1,x4) & sunset(x5) & watch(e2) & (subj(e2) = x3) & (obj(e2) = x5))",no,no,valid,13,True,False,False
sick_trial_6280_p,trial,"A dog, which is black, is running in the grass.","exists e1 x2 x3.(dog(x2) & black(x2) & run(e1) & (subj(e1) = x2) & grass(x3) & in(e1,x3))",yes,yes,valid,8,False,False,False
sick_trial_6280_h,trial,A black dog is running in the grass.,"exists e1 x2 x3.(dog(x2) & black(x2) & run(e1) & (subj(e1) = x2) & grass(x3) & in(e1,x3))",yes,yes,valid,8,False,False,False
sick_trial_6287_p,trial,A black dog is running in the grass and its tongue is hanging out.,"exists e1 e2 x3 x4 x5.(dog(x3) & black(x3) & run(e1) & (subj(e1) = x3) & grass(x4) & in(e1,x4) & tongue(x5) & hang(e2) & (subj(e2) = x5) & out(e2))",yes,yes,valid,14,False,False,False
sick_trial_6287_h,trial,A black dog is running in the grass.,"exists e1 x2 x3.(dog(x2) & black(x2) & run(e1) & (subj(e1) = x2) & grass(x3) & in(e1,x3))",yes,yes,valid,8,False,False,False
sick_trial_6315_p,trial,A yellow dog is running on white snow on a very sunny day.,"exists e1 x2 x3 x4.(dog(x2) & yellow(x2) & run(e1) & (subj(e1) = x2) & snow(x3) & white(x3) & on(e1,x3) & very(x4) & day(x4) & sunny(x4) & on(e1,x4))",yes,yes,valid,14,False,False,False
sick_trial_6315_h,trial,A yellow dog is running on white snow on a sunny day.,"exists e1 x2 x3 x4.(dog(x2) & yellow(x2) & run(e1) & (subj(e1) = x2) & snow(x3) & white(x3) & on(e1,x3) & day(x4) & sunny(x4) & on(e1,x4))",yes,yes,valid,13,False,False,False
sick_trial_6756_p,trial,A large brown dog and a small grey dog are standing on a rocky surface.,"exists e1 e2 x3 x4 x5 x6.(dog(x3) & brown(x3) & large(x3) & stand(e1) & (subj(e1) = x3) & surface(x4) & rocky(x4) & on(e1,x4) & dog(x5) & grey(x5) & small(x5) & stand(e2) & (subj(e2) = x5) & surface(x6) & rocky(x6) & on(e2,x6))",yes,yes,valid,21,False,False,False
sick_trial_6756_h,trial,A big brown dog and a small grey dog are standing on a rocky surface.,"exists e1 e2 x3 x4 x5 x6.(dog(x3) & brown(x3) & big(x3) & stand(e1) & (subj(e1) = x3) & surface(x4) & rocky(x4) & on(e1,x4) & dog(x5) & grey(x5) & small(x5) & stand(e2) & (subj(e2) = x5) & surface(x6) & rocky(x6) & on(e2,x6))",yes,yes,valid,21,False,False,False
sick_trial_6784_p,trial,There is no man dressed in black wearing an elaborate black mask.,"-exists e1 e2 x3 x4 x5.(man(x3) & dress(e1) & (obj(e1) = x3) & black(x4) & in(e1,x4) & mask(x5) & black(x5) & elaborate(x5) & wear(e2) & (subj(e2) = x3) & (obj(e2) = x5))",no,no,valid,16,True,False,False
sick_trial_6784_h,trial,A man dressed in black is wearing an elaborate black mask.,"exists e1 e2 x3 x4 x5.(man(x3) & dress(e1) & (obj(e1) = x3) & black(x4) & in(e1,x4) & mask(x5) & black(x5) & elaborate(x5) & wear(e2) & (subj(e2) = x3) & (obj(e2) = x5))",no,no,valid,15,False,False,False
sick_trial_7064_p,trial,A trick is being performed by a rollerblader on a ramp.,"exists e1 e2 x3 x4 x5.(trick(x3) & perform(e1) & (obj(e1) = x3) & rollerblader(x4) & ramp(x5) & on(e2,x5) & (subj(e2) = x4) & (subj(e1) = x4))",yes,yes,valid,12,False,False,False
sick_trial_7064_h,trial,A rollerblader is performing a trick on a ramp.,"exists e1 x2 x3 x4.(rollerblader(x2) & trick(x3) & perform(e1) & (subj(e1) = x2) & (obj(e1) = x3) & ramp(x4) & on(e1,x4))",yes,yes,valid,10,False,False,False
sick_trial_7093_p,trial,The group of people is standing together and looking at the camera.,"exists e1 e2 x3 x4 x5.(people(x4) & (x3 = x4) & stand(e1) & (subj(e1) = x3) & look(e2) & (subj(e2) = x3) & camera(x5) & at(e2,x5))",yes,yes,valid,12,False,False,False
sick_trial_7093_h,trial,A group of people is standing together and looking at the camera.,"exists e1 e2 x3 x4 x5.(people(x4) & (x3 = x4) & stand(e1) & (subj(e1) = x3) & look(e2) & (subj(e2) = x3) & camera(x5) & at(e2,x5))",yes,yes,valid,12,False,False,False
sick_trial_7214_p,trial,A brown dog is running across the yard with a toy in its mouth.,"exists e1 e2 x3 x4 x5 x6.(dog(x3) & brown(x3) & run(e1) & (subj(e1) = x3) & yard(x4) & across(e1,x4) & toy(x5) & mouth(x6) & in(e2,x6) & (subj(e2) = x5) & with(e1,x5))",no,no,valid,16,False,False,False
sick_trial_7214_h,trial,There is no brown dog running across the yard with a toy in its mouth.,"-exists e1 e2 x3 x4 x5 x6.(dog(x3) & brown(x3) & run(e1) & (subj(e1) = x3) & yard(x4) & across(e1,x4) & toy(x5) & mouth(x6) & in(e2,x6) & (subj(e2) = x5) & with(e1,x5))",no,no,valid,17,True,False,False
sick_trial_7466_p,trial,The group of people is sitting in a dim room.,"exists e1 x2 x3 x4.(people(x3) & (x2 = x3) & sit(e1) & (subj(e1) = x2) & room(x4) & dim(x4) & in(e1,x4))",yes,yes,valid,10,False,False,False
sick_trial_7466_h,trial,The group of people is sitting in a room which is dim.,"exists e1 x2 x3 x4.(people(x3) & (x2 = x3) & sit(e1) & (subj(e1) = x2) & room(x4) & dim(x4) & in(e1,x4))",yes,yes,valid,10,False,False,False
sick_trial_7477_p,trial,A man in a white shirt and sunglasses and a man in a black shirt and sunglasses are sitting at a table with four bottles of beer.,"exists e1 e2 e3 e4 e5 e6 e7 e8 e9 x10 x11 x12 x13 x14 x15 x16 x17 x18 x19 x20 x21 x22 x23 x24.(man(x10) & shirt(x11) & white(x11) & in(e1,x11) & (subj(e1) = x10) & sunglass(x12) & in(e2,x12) & (subj(e2) = x10) & sit(e3) & (subj(e3) = x10) & table(x13) & bottle(x14) & four(x14) & beer(x15) & (x14 = x15) & with(e4,x14) & (subj(e4) = x13) & at(e3,x13) & man(x16) & shirt(x17) & black(x17) & in(e6,x17) & (subj(e6) = x16) & sit(e7) & (subj(e7) = x16) & table(x18) & bottle(x19) & four(x19) & beer(x20) & (x19 = x20) & with(e9,x19) & (subj(e9) = x18) & at(e7,x18) & sunglass(x21) & sit(e5) & (subj(e5) = x21) & table(x22) & bottle(x23) & four(x23) & beer(x24) & (x23 = x24) & with(e8,x23) & (subj(e8) = x22) & at(e5,x22))",yes,yes,valid,67,False,False,False
sick_trial_7477_h,trial,A man in a white shirt and sunglasses and a man in a black shirt and sunglasses are sitting at a table with four beer bottles.,"exists e1 e2 e3 e4 e5 e6 e7 e8 e9 x10 x11 x12 x13 x14 x15 x16 x17 x18 x19 x20 x21.(man(x10) & shirt(x11) & white(x11) & in(e7,x11) & (subj(e7) = x10) & sunglass(x12) & in(e9,x12) & (subj(e9) = x10) & sit(e1) & (subj(e1) = x10) & table(x13) & bottle(x14) & beer(x14) & four(x14) & with(e4,x14) & (subj(e4) = x13) & at(e1,x13) & man(x15) & shirt(x16) & black(x16) & in(e6,x16) & (subj(e6) = x15) & sit(e8) & (subj(e8) = x15) & table(x17) & bottle(x18) & beer(x18) & four(x18) & with(e2,x18) & (subj(e2) = x17) & at(e8,x17) & sunglass(x19) & sit(e3) & (subj(e3) = x19) & table(x20) & bottle(x21) & beer(x21) & four(x21) & with(e5,x21) & (subj(e5) = x20) & at(e3,x20))",yes,yes,valid,61,False,False,False
sick_trial_7548_p,trial,The young girl in blue is jumping in the air.,"exists e1 e2 x3 x4 x5.(girl(x3) & young(x3) & blue(x4) & in(e1,x4) & (subj(e1) = x3) & jump(e2) & (subj(e2) = x3) & air(x5) & in(e2,x5))",yes,yes,valid,13,False,False,False
sick_trial_7548_h,trial,A young girl in blue is jumping in the air.,"exists e1 e2 x3 x4 x5.(girl(x3) & young(x3) & blue(x4) & in(e1,x4) & (subj(e1) = x3) & jump(e2) & (subj(e2) = x3) & air(x5) & in(e2,x5))",yes,yes,valid,13,False,False,False
sick_trial_7582_p,trial,The bunch of men are playing rugby on a field full of mud.,"exists e1 x2 x3 x4 x5.(bunch(x2) & man(x3) & (x2 = x3) & rugby(x4) & play(e1) & (subj(e1) = x2) & (obj(e1) = x4) & field(x5) & full(x5) & on(e1,x5))",yes,yes,valid,14,False,False,False
sick_trial_7582_h,trial,Some men are playing rugby.,exists e1 x2 x3.(man(x2) & rugby(x3) & play(e1) & (subj(e1) = x2) & (obj(e1) = x3)),yes,yes,valid,7,False,False,False
sick_trial_7649_p,trial,There is no little boy wearing a green soccer strip and running on the grass.,"-exists e1 e2 x3 x4 x5.(boy(x3) & little(x3) & strip(x4) & soccer(x4) & green(x4) & wear(e1) & (subj(e1) = x3) & (obj(e1) = x4) & run(e2) & (subj(e2) = x3) & grass(x5) & on(e2,x5))",no,no,valid,17,True,False,False
sick_trial_7649_h,trial,A little boy is wearing a green soccer strip and is running on the grass.,"exists e1 e2 x3 x4 x5.(boy(x3) & little(x3) & strip(x4) & soccer(x4) & green(x4) & wear(e1) & (subj(e1) = x3) & (obj(e1) = x4) & run(e2) & (subj(e2) = x3) & grass(x5) & on(e2,x5))",no,no,valid,16,False,False,False
sick_trial_7718_p,trial,A man is spraying a super soaker into the mouth of a dog.,"exists e1 x2 x3 x4 x5.(man(x2) & soaker(x3) & super(x3) & spray(e1) & (subj(e1) = x2) & (obj(e1) = x3) & mouth(x4) & dog(x5) & (x4 = x5) & into(e1,x4))",no,no,valid,14,False,False,False
sick_trial_7718_h,trial,There is no man spraying a super soaker into the mouth of a dog.,"-exists e1 x2 x3 x4 x5.(man(x2) & soaker(x3) & super(x3) & spray(e1) & (subj(e1) = x2) & (obj(e1) = x3) & mouth(x4) & dog(x5) & (x4 = x5) & into(e1,x4))",no,no,valid,15,True,False,False
sick_trial_7889_p,trial,Two white dogs are playing with a brown dog and a tennis ball.,"exists e1 x2 x3 x4.(dog(x2) & white(x2) & two(x2) & play(e1) & (subj(e1) = x2) & dog(x3) & brown(x3) & with(e1,x3) & ball(x4) & tennis(x4) & with(e1,x4))",yes,yes,valid,14,False,False,False
sick_trial_7889_h,trial,Two white dogs are playing with a brown dog and a ball.,"exists e1 x2 x3 x4.(dog(x2) & white(x2) & two(x2) & play(e1) & (subj(e1) = x2) & dog(x3) & brown(x3) & with(e1,x3) & ball(x4) & with(e1,x4))",yes,yes,valid,13,False,False,False
sick_trial_8057_p,trial,"A young girl is wearing a blue patterned swim suit, a black and yellow swim cap and has blue swimming goggles on her head.","exists e1 e2 e3 e4 x5 x6 x7 x8 x9.(girl(x5) & young(x5) & suit(x6) & swim(x6) & pattern(x6) & blue(x6) & wear(e1) & (subj(e1) = x5) & (obj(e1) = x6) & cap(x7) & swim(x7) & black(x7) & yellow(x7) & wear(e2) & (subj(e2) = x5) & (obj(e2) = x7) & goggles(x8) & swim(x8) & blue(x8) & head(x9) & on(e3,x9) & (subj(e3) = x8) & have(e4) & (subj(e4) = x5) & (obj(e4) = x8))",yes,yes,valid,33,False,False,False
sick_trial_8057_h,trial,"A little girl is wearing a blue patterned swim suit, a black and yellow swim cap and has blue swimming goggles on the head.","exists e1 e2 e3 e4 x5 x6 x7 x8 x9.(girl(x5) & little(x5) & suit(x6) & swim(x6) & pattern(x6) & blue(x6) & wear(e1) & (subj(e1) = x5) & (obj(e1) = x6) & cap(x7) & swim(x7) & black(x7) & yellow(x7) & wear(e2) & (subj(e2) = x5) & (obj(e2) = x7) & goggles(x8) & swim(x8) & blue(x8) & head(x9) & on(e3,x9) & (subj(e3) = x8) & have(e4) & (subj(e4) = x5) & (obj(e4) = x8))",yes,yes,valid,33,False,False,False
sick_trial_8193_p,trial,The adults and children are not gathered near an outdoor seating arrangement.,"-exists e1 e2 x3 x4 x5 x6.(adult(x3) & gather(e1) & (obj(e1) = x3) & arrangement(x4) & seat(x4) & outdoor(x4) & near(e1,x4) & child(x5) & gather(e2) & (obj(e2) = x5) & arrangement(x6) & seat(x6) & outdoor(x6) & near(e2,x6))",no,no,valid,20,True,False,False
sick_trial_8193_h,trial,The adults and children are being gathered near an outdoor seating arrangement.,"exists e1 e2 x3 x4 x5 x6.(adult(x3) & gather(e1) & (obj(e1) = x3) & arrangement(x4) & seat(x4) & outdoor(x4) & near(e1,x4) & child(x5) & gather(e2) & (obj(e2) = x5) & arrangement(x6) & seat(x6) & outdoor(x6) & near(e2,x6))",no,no,valid,19,False,False,False
sick_trial_8326_p,trial,There is no bmx biker jumping dirt ramps in front of a body of water.,"-exists e1 x2 x3 x4 x5 x6.(biker(x2) & bmx(x2) & ramp(x3) & dirt(x3) & jump(e1) & (subj(e1) = x2) & (obj(e1) = x3) & front(x4) & body(x5) & water(x6) & (x5 = x6) & (x4 = x5) & in_front_of(e1,x4))",no,no,valid,19,True,False,False
sick_trial_8326_h,trial,Two bmx bikers are jumping dirt ramps in front of a body of water.,"exists e1 x2 x3 x4 x5 x6.(biker(x2) & bmx(x2) & two(x2) & ramp(x3) & dirt(x3) & jump(e1) & (subj(e1) = x2) & (obj(e1) = x3) & front(x4) & body(x5) & water(x6) & (x5 = x6) & (x4 = x5) & in_front_of(e1,x4))",no,no,valid,19,False,False,False
sick_trial_8334_p,trial,A man is doing a trick on a skateboard.,"exists e1 x2 x3 x4.(man(x2) & trick(x3) & do(e1) & (subj(e1) = x2) & (obj(e1) = x3) & skateboard(x4) & on(e1,x4))",yes,yes,valid,10,False,False,False
sick_trial_8334_h,trial,A person is doing a trick on a skateboard.,"exists e1 x2 x3 x4.(person(x2) & trick(x3) & do(e1) & (subj(e1) = x2) & (obj(e1) = x3) & skateboard(x4) & on(e1,x4))",yes,yes,valid,10,False,False,False
sick_trial_8343_p,trial,A man in a motocross uniform is wearing a helmet and rides a red motorcycle.,"exists e1 e2 e3 x4 x5 x6 x7.(man(x4) & uniform(x5) & motocross(x5) & in(e1,x5) & (subj(e1) = x4) & helmet(x6) & wear(e2) & (subj(e2) = x4) & (obj(e2) = x6) & motorcycle(x7) & red(x7) & ride(e3) & (subj(e3) = x4) & (obj(e3) = x7))",yes,yes,valid,20,False,False,False
sick_trial_8343_h,trial,A person in a motocross uniform is wearing a helmet and rides a red motorcycle.,"exists e1 e2 e3 x4 x5 x6 x7.(person(x4) & uniform(x5) & motocross(x5) & in(e1,x5) & (subj(e1) = x4) & helmet(x6) & wear(e2) & (subj(e2) = x4) & (obj(e2) = x6) & motorcycle(x7) & red(x7) & ride(e3) & (subj(e3) = x4) & (obj(e3) = x7))",yes,yes,valid,20,False,False,False
sick_trial_8471_p,trial,A girl in blue sweater is holding a multicolor toy and is sitting on the shoulders of an old man with grey hair.,"exists e1 e2 e3 e4 x5 x6 x7 x8 x9 x10.(girl(x5) & sweater(x6) & blue(x6) & in(e1,x6) & (subj(e1) = x5) & toy(x7) & multicolor(x7) & hold(e2) & (subj(e2) = x5) & (obj(e2) = x7) & sit(e3) & (subj(e3) = x5) & shoulder(x8) & man(x9) & old(x9) & hair(x10) & grey(x10) & with(e4,x10) & (subj(e4) = x9) & (x8 = x9) & on(e3,x8))",yes,yes,valid,30,False,False,False
sick_trial_8471_h,trial,A girl in blue sweater is holding a multicolor toy and is sitting on the shoulders of a man with grey hair.,"exists e1 e2 e3 e4 x5 x6 x7 x8 x9 x10.(girl(x5) & sweater(x6) & blue(x6) & in(e2,x6) & (subj(e2) = x5) & toy(x7) & multicolor(x7) & hold(e3) & (subj(e3) = x5) & (obj(e3) = x7) & sit(e4) & (subj(e4) = x5) & shoulder(x8) & man(x9) & hair(x10) & grey(x10) & with(e1,x10) & (subj(e1) = x9) & (x8 = x9) & on(e4,x8))",yes,yes,valid,29,False,False,False
sick_trial_8632_p,trial,A man is not rock climbing and a city and a bay are in the background.,"exists e1 e2 x3 x4 x5 x6.(-exists x7 x8.(man(x7) & climb(x8) & rock(x8) & (x7 = x8)) & city(x3) & background(x4) & in(e1,x4) & (subj(e1) = x3) & bay(x5) & background(x6) & in(e2,x6) & (subj(e2) = x5))",no,no,valid,20,True,False,False
sick_trial_8632_h,trial,A man is rock climbing and a city and a bay are in the background.,"exists e1 e2 x3 x4 x5 x6 x7 x8.(man(x3) & climb(x4) & rock(x4) & (x3 = x4) & city(x5) & background(x6) & in(e1,x6) & (subj(e1) = x5) & bay(x7) & background(x8) & in(e2,x8) & (subj(e2) = x7))",no,no,valid,19,False,False,False
sick_trial_8633_p,trial,"A man is rock climbing, pausing and calculating the route.",exists e1 e2 e3 x4 x5 x6.(man(x4) & rock(x5) & climb(e1) & (subj(e1) = x5) & route(x6) & pause(e2) & (subj(e2) = x5) & (obj(e2) = x6) & calculate(e3) & (subj(e3) = x5) & (obj(e3) = x6) & (x4 = x5)),yes,yes,valid,17,False,False,False
sick_trial_8633_h,trial,"A man is rock climbing, stopping and calculating the route.",exists e1 e2 e3 x4 x5 x6.(man(x4) & rock(x5) & climb(e1) & (subj(e1) = x5) & route(x6) & stop(e2) & (subj(e2) = x5) & (obj(e2) = x6) & calculate(e3) & (subj(e3) = x5) & (obj(e3) = x6) & (x4 = x5)),yes,yes,valid,17,False,False,False
sick_trial_8660_p,trial,A group of rollerbladers is lining up on the street.,"exists e1 x2 x3 x4.(rollerblader(x3) & (x2 = x3) & line(e1) & (subj(e1) = x2) & up(e1) & street(x4) & on(e1,x4))",yes,yes,valid,10,False,False,False
sick_trial_8660_h,trial,A group of rollerbladers is lining up on the road.,"exists e1 x2 x3 x4.(rollerblader(x3) & (x2 = x3) & line(e1) & (subj(e1) = x2) & road(x4) & on(e1,x4) & up(e1))",yes,yes,valid,10,False,False,False
sick_trial_8714_p,trial,Two white dogs are quickly running together.,exists e1 x2.(dog(x2) & white(x2) & two(x2) & run(e1) & (subj(e1) = x2) & quickly(e1)),yes,yes,valid,7,False,False,False
sick_trial_8714_h,trial,Two white dogs are running together.,exists e1 x2.(dog(x2) & white(x2) & two(x2) & run(e1) & (subj(e1) = x2)),yes,yes,valid,6,False,False,False
sick_trial_8806_p,trial,A dog is swimming in a body of water.,"exists e1 x2 x3 x4.(dog(x2) & swim(e1) & (subj(e1) = x2) & body(x3) & water(x4) & (x3 = x4) & in(e1,x3))",yes,yes,valid,10,False,False,False
sick_trial_8806_h,trial,An animal is swimming in a body of water.,"exists e1 x2 x3 x4.(animal(x2) & swim(e1) & (subj(e1) = x2) & body(x3) & water(x4) & (x3 = x4) & in(e1,x3))",yes,yes,valid,10,False,False,False
sick_trial_9069_p,trial,Two boys are laying in the ocean close to the beach.,"exists e1 x2 x3 x4.(boy(x2) & two(x2) & lay(e1) & (subj(e1) = x2) & ocean(x3) & in(e1,x3) & close(e1) & beach(x4) & (iobj(e1) = x4))",yes,yes,valid,12,False,False,False
sick_trial_9069_h,trial,Two boys are laying in the water close to the beach.,"exists e1 x2 x3 x4 x5.(boy(x2) & two(x2) & lay(e1) & (subj(e1) = x2) & (obj(e1) = x3) & water(x4) & in(e1,x4) & close(e1) & beach(x5) & (iobj(e1) = x5))",yes,yes,valid,14,False,False,False
sick_trial_9132_p,trial,A man in a jersey which is black is standing in a gym.,"exists e1 e2 x3 x4 x5.(man(x3) & jersey(x4) & black(x4) & in(e1,x4) & (subj(e1) = x3) & stand(e2) & (subj(e2) = x3) & gym(x5) & in(e2,x5))",yes,yes,valid,13,False,False,False
sick_trial_9132_h,trial,A man in a black jersey is standing in a gym.,"exists e1 e2 x3 x4 x5.(man(x3) & jersey(x4) & black(x4) & in(e1,x4) & (subj(e1) = x3) & stand(e2) & (subj(e2) = x3) & gym(x5) & in(e2,x5))",yes,yes,valid,13,False,False,False
sick_trial_9303_p,trial,The skateboarder is jumping in the air.,"exists e1 x2 x3.(skateboarder(x2) & jump(e1) & (subj(e1) = x2) & air(x3) & in(e1,x3))",yes,yes,valid,7,False,False,False
sick_trial_9303_h,trial,A skateboarder is jumping in the air.,"exists e1 x2 x3.(skateboarder(x2) & jump(e1) & (subj(e1) = x2) & air(x3) & in(e1,x3))",yes,yes,valid,7,False,False,False
sick_trial_9359_p,trial,A surfer is surfing a big wave.,exists e1 x2 x3.(surfer(x2) & wave(x3) & big(x3) & surf(e1) & (subj(e1) = x2) & (obj(e1) = x3)),yes,yes,valid,8,False,False,False
sick_trial_9359_h,trial,A surfer is surfing a huge wave.,exists e1 x2 x3.(surfer(x2) & wave(x3) & huge(x3) & surf(e1) & (subj(e1) = x2) & (obj(e1) = x3)),yes,yes,valid,8,False,False,False
sick_trial_9490_p,trial,A cluster of four brown dogs are playing in a field of brown grass.,"exists e1 x2 x3 x4 x5.(cluster(x2) & dog(x3) & brown(x3) & four(x3) & (x2 = x3) & play(e1) & (subj(e1) = x2) & field(x4) & grass(x5) & brown(x5) & (x4 = x5) & in(e1,x4))",no,no,valid,16,False,False,False
sick_trial_9490_h,trial,Four dogs are not playing in a grassy area.,"-exists e1 x2 x3.(dog(x2) & four(x2) & play(e1) & (subj(e1) = x2) & area(x3) & grassy(x3) & in(e1,x3))",no,no,valid,10,True,False,False
sick_trial_9669_p,trial,The young girl is playing on the edge of a fountain and an older woman is watching her.,"exists e1 e2 x3 x4 x5 x6 x7.(girl(x3) & young(x3) & play(e1) & (subj(e1) = x3) & edge(x4) & fountain(x5) & (x4 = x5) & on(e1,x4) & woman(x6) & older(x6) & (x7 = her) & watch(e2) & (subj(e2) = x6) & (obj(e2) = x7))",yes,yes,valid,20,False,False,False
sick_trial_9669_h,trial,A young girl is playing on the edge of a fountain and an older woman is watching her.,"exists e1 e2 x3 x4 x5 x6 x7.(girl(x3) & young(x3) & play(e1) & (subj(e1) = x3) & edge(x4) & fountain(x5) & (x4 = x5) & on(e1,x4) & woman(x6) & older(x6) & (x7 = her) & watch(e2) & (subj(e2) = x6) & (obj(e2) = x7))",yes,yes,valid,20,False,False,False
